{"cameraMode":{"drawMode":0,"name":"Shaded","section":"Shading Mode"},"sceneLighting":true,"audioPlay":false,"sceneViewState":{"showFog":true,"showMaterialUpdate":false,"showSkybox":true,"showFlares":true,"showImageEffects":true,"showParticleSystems":true},"in2DMode":false,"pivot":{"x":-128.39999389648438,"y":-65.39999389648438,"z":-2.0},"rotation":{"x":0.008687181398272515,"y":-0.02489984966814518,"z":-0.00022275274386629462,"w":-0.9996522068977356},"size":396.87481689453127,"orthographic":false}